<?xml version="1.0"?>
<Runs Version="1" Minor="0">
	<Run Id="brandonDesign_lab3Top_0_0_synth_1" LaunchDir="C:/Users/brand/Desktop/lab3-main/brandonProj3Color/brandonProj3Color.runs/brandonDesign_lab3Top_0_0_synth_1" FlowId="Vivado_Synthesis" FromStepId="vivado" ToStepId="vivado"/>
	<Run Id="synth_1" LaunchDir="C:/Users/brand/Desktop/lab3-main/brandonProj3Color/brandonProj3Color.runs/synth_1" FlowId="Vivado_Synthesis" FromStepId="vivado" ToStepId="vivado">
		<Parent Id="brandonDesign_lab3Top_0_0_synth_1"/>
	</Run>
	<Run Id="impl_1" LaunchDir="C:/Users/brand/Desktop/lab3-main/brandonProj3Color/brandonProj3Color.runs/impl_1" FlowId="Vivado_Implementation" FromStepId="init_design" ToStepId="write_bitstream">
		<Parent Id="synth_1"/>
		<Parent Id="brandonDesign_lab3Top_0_0_synth_1"/>
	</Run>
	<Parameters>
		<Parameter Name="runs.monitorLSFJobs" Val="true" Type="bool"/>
		<Parameter Name="runs.enableClusterConf" Val="true" Type="bool"/>
	</Parameters>
</Runs>

